"sino","no_of_req","int_testcases","uat_testcases","mo_testcases","prod_testcases","no_of_browsers","effort_to_fix_defect","complexity_of_defect_fix","design_review_comments","cost_to_fix_defect","impact_of_defect_fix","bg_severity","bg_priority","defect_count"
1,20,130,110,60,30,1,10,5,0,0,2,0,0,3
2,9,69,60,45,20,0,7,0,0,0,0,0,0,0
3,9,74,67,56,10,0,7,4,1,0,0,0,0,1
4,10,80,59,43,28,1,10,15,0,3,0,2,1,4
5,3,21,21,21,10,0,4,2,0,0,0,1,0,0
6,0,90,87,77,10,0,0,0,0,0,0,1,0,0
7,10,141,140,50,13,2,23,10,0,0,2,1,1,4
8,47,287,280,167,35,0,17,1,1,0,0,0,0,1
9,37,190,180,170,26,1,10,5,0,1,0,1,0,2
10,10,78,67,56,31,1,8,1,0,0,0,0,0,1
11,10,45,39,30,15,0,6,1,0,0,0,0,0,0
12,11,14,7,5,3,0,0,0,0,0,0,0,0,0
13,3,30,30,25,10,0,3,1,0,0,0,0,0,0
14,16,60,51,48,18,2,12,7,1,2,1,3,1,5
15,10,49,45,30,18,0,9,5,0,0,0,0,0,0
16,29,89,67,65,29,0,11,7,0,0,2,0,0,2
17,20,130,110,60,30,1,10,5,0,0,2,0,0,3
18,9,69,60,45,20,0,7,0,0,0,0,0,0,0
19,9,74,67,56,10,0,7,4,1,0,0,0,0,1
20,10,80,59,43,28,1,10,15,0,3,0,2,1,4
21,3,21,21,21,10,0,4,2,0,0,0,1,0,0
22,0,90,87,77,10,0,0,0,0,0,0,1,0,0
23,10,141,140,50,13,2,23,10,0,0,2,1,1,4
24,10,141,140,50,13,2,23,10,0,0,2,1,1,4
25,47,287,280,167,35,0,17,1,1,0,0,0,0,1
26,37,190,180,170,26,1,10,5,0,1,0,1,0,2
27,10,78,67,56,31,1,8,1,0,0,0,0,0,1
28,10,45,39,30,15,0,6,1,0,0,0,0,0,0
29,11,14,7,5,3,0,0,0,0,0,0,0,0,0
30,3,30,30,25,10,0,3,1,0,0,0,0,0,0
31,16,60,51,48,18,2,12,7,1,2,1,3,1,5
32,29,89,67,65,29,0,11,7,0,0,2,0,0,2
33,20,130,110,60,30,1,10,5,0,0,2,0,0,3
34,9,69,60,45,20,0,7,0,0,0,0,0,0,0
35,9,74,67,56,10,0,7,4,1,0,0,0,0,1
36,10,80,59,43,28,1,10,15,0,3,0,2,1,4
37,3,21,21,21,10,0,4,2,0,0,0,1,0,0
38,0,90,87,77,10,0,0,0,0,0,0,1,0,0
39,10,141,140,50,13,2,23,10,0,0,2,1,1,4
40,47,287,280,167,35,0,17,1,1,0,0,0,0,1
41,37,190,180,170,26,1,10,5,0,1,0,1,0,2
42,10,78,67,56,31,1,8,1,0,0,0,0,0,1
43,10,45,39,30,15,0,6,1,0,0,0,0,0,0
44,11,14,7,5,3,0,0,0,0,0,0,0,0,0
45,3,30,30,25,10,0,3,1,0,0,0,0,0,0
46,16,60,51,48,18,2,12,7,1,2,1,3,1,5
47,10,49,45,30,18,0,9,5,0,0,0,0,0,0
48,29,89,67,65,29,0,11,7,0,0,2,0,0,2
49,20,130,110,60,30,1,10,5,0,0,2,0,0,3
50,9,69,60,45,20,0,7,0,0,0,0,0,0,0
51,9,74,67,56,10,0,7,4,1,0,0,0,0,1
52,10,80,59,43,28,1,10,15,0,3,0,2,1,4
53,3,21,21,21,10,0,4,2,0,0,0,1,0,0
54,0,90,87,77,10,0,0,0,0,0,0,1,0,0
55,10,141,140,50,13,2,23,10,0,0,2,1,1,4
56,47,287,280,167,35,0,17,1,1,0,0,0,0,1
57,37,190,180,170,26,1,10,5,0,1,0,1,0,2
58,10,78,67,56,31,1,8,1,0,0,0,0,0,1
59,10,45,39,30,15,0,6,1,0,0,0,0,0,0
60,11,14,7,5,3,0,0,0,0,0,0,0,0,0
61,3,30,30,25,10,0,3,1,0,0,0,0,0,0
62,16,60,51,48,18,2,12,7,1,2,1,3,1,5
63,10,49,45,30,18,0,9,5,0,0,0,0,0,0
64,29,89,67,65,29,0,11,7,0,0,2,0,0,2
65,20,130,110,60,30,1,10,5,0,0,2,0,0,3
66,9,69,60,45,20,0,7,0,0,0,0,0,0,0
67,9,74,67,56,10,0,7,4,1,0,0,0,0,1
68,10,80,59,43,28,1,10,15,0,3,0,2,1,4
69,3,21,21,21,10,0,4,2,0,0,0,1,0,0
70,0,90,87,77,10,0,0,0,0,0,0,1,0,0
71,10,141,140,50,13,2,23,10,0,0,2,1,1,4
72,47,287,280,167,35,0,17,1,1,0,0,0,0,1
73,10,141,140,50,13,2,23,10,0,0,2,1,1,4
74,47,287,280,167,35,0,17,1,1,0,0,0,0,1
75,37,190,180,170,26,1,10,5,0,1,0,1,0,2
76,10,78,67,56,31,1,8,1,0,0,0,0,0,1
77,10,45,39,30,15,0,6,1,0,0,0,0,0,0
78,11,14,7,5,3,0,0,0,0,0,0,0,0,0
79,3,30,30,25,10,0,3,1,0,0,0,0,0,0
80,16,60,51,48,18,2,12,7,1,2,1,3,1,5
81,20,130,110,60,30,1,10,5,0,0,2,0,0,3
82,9,69,60,45,20,0,7,0,0,0,0,0,0,0
83,9,74,67,56,10,0,7,4,1,0,0,0,0,1
84,10,80,59,43,28,1,10,15,0,3,0,2,1,4
85,3,21,21,21,10,0,4,2,0,0,0,1,0,0
86,0,90,87,77,10,0,0,0,0,0,0,1,0,0
87,10,141,140,50,13,2,23,10,0,0,2,1,1,4
88,47,287,280,167,35,0,17,1,1,0,0,0,0,1
89,37,190,180,170,26,1,10,5,0,1,0,1,0,2
90,10,78,67,56,31,1,8,1,0,0,0,0,0,1
91,10,45,39,30,15,0,6,1,0,0,0,0,0,0
92,11,14,7,5,3,0,0,0,0,0,0,0,0,0
93,3,30,30,25,10,0,3,1,0,0,0,0,0,0
94,16,60,51,48,18,2,12,7,1,2,1,3,1,5
95,10,49,45,30,18,0,9,5,0,0,0,0,0,0
96,29,89,67,65,29,0,11,7,0,0,2,0,0,2
97,10,141,140,50,13,2,23,10,0,0,2,1,1,4
98,47,287,280,167,35,0,17,1,1,0,0,0,0,1
99,37,190,180,170,26,1,10,5,0,1,0,1,0,2
100,10,78,67,56,31,1,8,1,0,0,0,0,0,1
101,10,45,39,30,15,0,6,1,0,0,0,0,0,0
102,11,14,7,5,3,0,0,0,0,0,0,0,0,0
103,3,30,30,25,10,0,3,1,0,0,0,0,0,0
104,16,60,51,48,18,2,12,7,1,2,1,3,1,5
105,10,141,140,50,13,2,23,10,0,0,2,1,1,4
106,47,287,280,167,35,0,17,1,1,0,0,0,0,1
107,37,190,180,170,26,1,10,5,0,1,0,1,0,2
108,10,78,67,56,31,1,8,1,0,0,0,0,0,1
109,10,45,39,30,15,0,6,1,0,0,0,0,0,0
110,10,141,140,50,13,2,23,10,0,0,2,1,1,4
111,47,287,280,167,35,0,17,1,1,0,0,0,0,1
112,37,190,180,170,26,1,10,5,0,1,0,1,0,2
113,10,78,67,56,31,1,8,1,0,0,0,0,0,1
114,10,45,39,30,15,0,6,1,0,0,0,0,0,0
115,11,14,7,5,3,0,0,0,0,0,0,0,0,0
116,3,30,30,25,10,0,3,1,0,0,0,0,0,0
117,16,60,51,48,18,2,12,7,1,2,1,3,1,5
118,10,141,140,50,13,2,23,10,0,0,2,1,1,4
119,47,287,280,167,35,0,17,1,1,0,0,0,0,1
120,37,190,180,170,26,1,10,5,0,1,0,1,0,2
121,10,78,67,56,31,1,8,1,0,0,0,0,0,1
122,10,45,39,30,15,0,6,1,0,0,0,0,0,0
123,11,14,7,5,3,0,0,0,0,0,0,0,0,0
124,3,30,30,25,10,0,3,1,0,0,0,0,0,0
125,16,60,51,48,18,2,12,7,1,2,1,3,1,5
126,10,49,45,30,18,0,9,5,0,0,0,0,0,0
127,29,89,67,65,29,0,11,7,0,0,2,0,0,2
128,20,130,110,60,30,1,10,5,0,0,2,0,0,3
129,9,69,60,45,20,0,7,0,0,0,0,0,0,0
130,9,74,67,56,10,0,7,4,1,0,0,0,0,1
131,10,80,59,43,28,1,10,15,0,3,0,2,1,4
132,3,21,21,21,10,0,4,2,0,0,0,1,0,0
133,0,90,87,77,10,0,0,0,0,0,0,1,0,0
134,10,141,140,50,13,2,23,10,0,0,2,1,1,4
135,10,141,140,50,13,2,23,10,0,0,2,1,1,4
136,10,49,45,30,18,0,9,5,0,0,0,0,0,0
137,29,89,67,65,29,0,11,7,0,0,2,0,0,2
138,20,130,110,60,30,1,10,5,0,0,2,0,0,3
139,9,69,60,45,20,0,7,0,0,0,0,0,0,0
140,9,74,67,56,10,0,7,4,1,0,0,0,0,1
141,10,80,59,43,28,1,10,15,0,3,0,2,1,4
142,3,21,21,21,10,0,4,2,0,0,0,1,0,0
143,0,90,87,77,10,0,0,0,0,0,0,1,0,0
144,10,141,140,50,13,2,23,10,0,0,2,1,1,4
145,10,141,140,50,13,2,23,10,0,0,2,1,1,4
146,10,49,45,30,18,0,9,5,0,0,0,0,0,0
147,29,89,67,65,29,0,11,7,0,0,2,0,0,2
148,20,130,110,60,30,1,10,5,0,0,2,0,0,3
149,9,69,60,45,20,0,7,0,0,0,0,0,0,0
150,9,74,67,56,10,0,7,4,1,0,0,0,0,1
151,10,80,59,43,28,1,10,15,0,3,0,2,1,4
152,3,21,21,21,10,0,4,2,0,0,0,1,0,0
153,0,90,87,77,10,0,0,0,0,0,0,1,0,0
154,10,141,140,50,13,2,23,10,0,0,2,1,1,4
155,10,141,140,50,13,2,23,10,0,0,2,1,1,4
156,10,80,59,43,28,1,10,15,0,3,0,2,1,4
157,3,21,21,21,10,0,4,2,0,0,0,1,0,0
158,0,90,87,77,10,0,0,0,0,0,0,1,0,0
159,10,141,140,50,13,2,23,10,0,0,2,1,1,4
160,20,130,110,60,30,1,10,5,0,0,2,0,0,3
161,9,69,60,45,20,0,7,0,0,0,0,0,0,0
162,9,74,67,56,10,0,7,4,1,0,0,0,0,1
163,10,80,59,43,28,1,10,15,0,3,0,2,1,4
164,3,21,21,21,10,0,4,2,0,0,0,1,0,0
165,0,90,87,77,10,0,0,0,0,0,0,1,0,0
166,10,141,140,50,13,2,23,10,0,0,2,1,1,4
167,47,287,280,167,35,0,17,1,1,0,0,0,0,1
168,37,190,180,170,26,1,10,5,0,1,0,1,0,2
169,10,78,67,56,31,1,8,1,0,0,0,0,0,1
170,10,45,39,30,15,0,6,1,0,0,0,0,0,0
171,11,14,7,5,3,0,0,0,0,0,0,0,0,0
172,3,30,30,25,10,0,3,1,0,0,0,0,0,0
173,16,60,51,48,18,2,12,7,1,2,1,3,1,5
174,10,49,45,30,18,0,9,5,0,0,0,0,0,0
175,29,89,67,65,29,0,11,7,0,0,2,0,0,2
176,10,49,45,30,18,0,9,5,0,0,0,0,0,0
177,29,89,67,65,29,0,11,7,0,0,2,0,0,2
178,20,130,110,60,30,1,10,5,0,0,2,0,0,3
179,9,69,60,45,20,0,7,0,0,0,0,0,0,0
180,9,74,67,56,10,0,7,4,1,0,0,0,0,1
181,10,80,59,43,28,1,10,15,0,3,0,2,1,4
182,3,21,21,21,10,0,4,2,0,0,0,1,0,0
183,0,90,87,77,10,0,0,0,0,0,0,1,0,0
184,10,141,140,50,13,2,23,10,0,0,2,1,1,4
185,10,141,140,50,13,2,23,10,0,0,2,1,1,4
186,10,49,45,30,18,0,9,5,0,0,0,0,0,0
187,29,89,67,65,29,0,11,7,0,0,2,0,0,2
188,20,130,110,60,30,1,10,5,0,0,2,0,0,3
189,9,69,60,45,20,0,7,0,0,0,0,0,0,0
190,9,74,67,56,10,0,7,4,1,0,0,0,0,1
191,10,80,59,43,28,1,10,15,0,3,0,2,1,4
192,3,21,21,21,10,0,4,2,0,0,0,1,0,0
193,0,90,87,77,10,0,0,0,0,0,0,1,0,0
194,10,141,140,50,13,2,23,10,0,0,2,1,1,4
195,10,141,140,50,13,2,23,10,0,0,2,1,1,4
196,10,49,45,30,18,0,9,5,0,0,0,0,0,0
197,29,89,67,65,29,0,11,7,0,0,2,0,0,2
198,20,130,110,60,30,1,10,5,0,0,2,0,0,3
199,9,69,60,45,20,0,7,0,0,0,0,0,0,0
200,9,74,67,56,10,0,7,4,1,0,0,0,0,1
201,10,80,59,43,28,1,10,15,0,3,0,2,1,4
202,3,21,21,21,10,0,4,2,0,0,0,1,0,0
203,0,90,87,77,10,0,0,0,0,0,0,1,0,0
204,10,141,140,50,13,2,23,10,0,0,2,1,1,4
205,10,141,140,50,13,2,23,10,0,0,2,1,1,4
206,10,49,45,30,18,0,9,5,0,0,0,0,0,0
207,29,89,67,65,29,0,11,7,0,0,2,0,0,2
208,20,130,110,60,30,1,10,5,0,0,2,0,0,3
209,9,69,60,45,20,0,7,0,0,0,0,0,0,0
210,9,74,67,56,10,0,7,4,1,0,0,0,0,1
211,10,80,59,43,28,1,10,15,0,3,0,2,1,4
212,3,21,21,21,10,0,4,2,0,0,0,1,0,0
213,0,90,87,77,10,0,0,0,0,0,0,1,0,0
214,10,141,140,50,13,2,23,10,0,0,2,1,1,4
215,10,141,140,50,13,2,23,10,0,0,2,1,1,4
216,20,130,110,60,30,1,10,5,0,0,2,0,0,3
217,9,69,60,45,20,0,7,0,0,0,0,0,0,0
218,9,74,67,56,10,0,7,4,1,0,0,0,0,1
219,10,80,59,43,28,1,10,15,0,3,0,2,1,4
220,3,21,21,21,10,0,4,2,0,0,0,1,0,0
221,0,90,87,77,10,0,0,0,0,0,0,1,0,0
222,10,141,140,50,13,2,23,10,0,0,2,1,1,4
223,47,287,280,167,35,0,17,1,1,0,0,0,0,1
224,37,190,180,170,26,1,10,5,0,1,0,1,0,2
225,10,78,67,56,31,1,8,1,0,0,0,0,0,1
226,10,45,39,30,15,0,6,1,0,0,0,0,0,0
227,11,14,7,5,3,0,0,0,0,0,0,0,0,0
228,3,30,30,25,10,0,3,1,0,0,0,0,0,0
229,16,60,51,48,18,2,12,7,1,2,1,3,1,5
230,10,49,45,30,18,0,9,5,0,0,0,0,0,0
231,29,89,67,65,29,0,11,7,0,0,2,0,0,2
232,20,130,110,60,30,1,10,5,0,0,2,0,0,3
233,9,69,60,45,20,0,7,0,0,0,0,0,0,0
234,9,74,67,56,10,0,7,4,1,0,0,0,0,1
235,10,80,59,43,28,1,10,15,0,3,0,2,1,4
236,3,21,21,21,10,0,4,2,0,0,0,1,0,0
237,0,90,87,77,10,0,0,0,0,0,0,1,0,0
238,10,141,140,50,13,2,23,10,0,0,2,1,1,4
239,47,287,280,167,35,0,17,1,1,0,0,0,0,1
240,37,190,180,170,26,1,10,5,0,1,0,1,0,2
241,10,78,67,56,31,1,8,1,0,0,0,0,0,1
242,10,45,39,30,15,0,6,1,0,0,0,0,0,0
243,11,14,7,5,3,0,0,0,0,0,0,0,0,0
244,3,30,30,25,10,0,3,1,0,0,0,0,0,0
245,16,60,51,48,18,2,12,7,1,2,1,3,1,5
246,10,49,45,30,18,0,9,5,0,0,0,0,0,0
247,29,89,67,65,29,0,11,7,0,0,2,0,0,2
248,47,287,280,167,35,0,17,1,1,0,0,0,0,1
249,37,190,180,170,26,1,10,5,0,1,0,1,0,2
250,10,78,67,56,31,1,8,1,0,0,0,0,0,1
251,10,45,39,30,15,0,6,1,0,0,0,0,0,0
252,11,14,7,5,3,0,0,0,0,0,0,0,0,0
253,47,287,280,167,35,0,17,1,1,0,0,0,0,1
254,37,190,180,170,26,1,10,5,0,1,0,1,0,2
255,10,78,67,56,31,1,8,1,0,0,0,0,0,1
256,10,45,39,30,15,0,6,1,0,0,0,0,0,0
257,47,287,280,167,35,0,17,1,1,0,0,0,0,1
258,37,190,180,170,26,1,10,5,0,1,0,1,0,2
259,10,78,67,56,31,1,8,1,0,0,0,0,0,1
260,10,45,39,30,15,0,6,1,0,0,0,0,0,0
261,10,45,39,30,15,0,6,1,0,0,0,0,0,0
262,0,90,87,77,10,0,0,0,0,0,0,1,0,0
263,10,141,140,50,13,2,23,10,0,0,2,1,1,4
264,47,287,280,167,35,0,17,1,1,0,0,0,0,1
265,37,190,180,170,26,1,10,5,0,1,0,1,0,2
266,10,78,67,56,31,1,8,1,0,0,0,0,0,1
267,10,45,39,30,15,0,6,1,0,0,0,0,0,0
268,11,14,7,5,3,0,0,0,0,0,0,0,0,0
269,3,30,30,25,10,0,3,1,0,0,0,0,0,0
270,10,45,39,30,15,0,6,1,0,0,0,0,0,0
271,11,14,7,5,3,0,0,0,0,0,0,0,0,0
272,0,90,87,77,10,0,0,0,0,0,0,1,0,0
273,10,141,140,50,13,2,23,10,0,0,2,1,1,4
274,47,287,280,167,35,0,17,1,1,0,0,0,0,1
275,37,190,180,170,26,1,10,5,0,1,0,1,0,2
276,10,78,67,56,31,1,8,1,0,0,0,0,0,1
277,10,45,39,30,15,0,6,1,0,0,0,0,0,0
278,11,14,7,5,3,0,0,0,0,0,0,0,0,0
279,3,30,30,25,10,0,3,1,0,0,0,0,0,0
280,0,90,87,77,10,0,0,0,0,0,0,1,0,0
281,10,141,140,50,13,2,23,10,0,0,2,1,1,4
282,47,287,280,167,35,0,17,1,1,0,0,0,0,1
283,37,190,180,170,26,1,10,5,0,1,0,1,0,2
284,10,78,67,56,31,1,8,1,0,0,0,0,0,1
285,10,45,39,30,15,0,6,1,0,0,0,0,0,0
286,11,14,7,5,3,0,0,0,0,0,0,0,0,0
287,3,30,30,25,10,0,3,1,0,0,0,0,0,0
288,11,14,7,5,3,0,0,0,0,0,0,0,0,0
289,10,80,59,43,28,1,10,15,0,3,0,2,1,4
290,3,21,21,21,10,0,4,2,0,0,0,1,0,0
291,0,90,87,77,10,0,0,0,0,0,0,1,0,0
292,10,141,140,50,13,2,23,10,0,0,2,1,1,4
293,47,287,280,167,35,0,17,1,1,0,0,0,0,1
294,37,190,180,170,26,1,10,5,0,1,0,1,0,2
295,10,78,67,56,31,1,8,1,0,0,0,0,0,1
296,10,45,39,30,15,0,6,1,0,0,0,0,0,0
297,11,14,7,5,3,0,0,0,0,0,0,0,0,0
298,3,30,30,25,10,0,3,1,0,0,0,0,0,0
299,16,60,51,48,18,2,12,7,1,2,1,3,1,5
300,10,49,45,30,18,0,9,5,0,0,0,0,0,0
301,29,89,67,65,29,0,11,7,0,0,2,0,0,2
302,0,90,87,77,10,0,0,0,0,0,0,1,0,0
303,10,141,140,50,13,2,23,10,0,0,2,1,1,4
304,47,287,280,167,35,0,17,1,1,0,0,0,0,1
305,37,190,180,170,26,1,10,5,0,1,0,1,0,2
306,10,78,67,56,31,1,8,1,0,0,0,0,0,1
307,10,45,39,30,15,0,6,1,0,0,0,0,0,0
308,11,14,7,5,3,0,0,0,0,0,0,0,0,0
309,3,30,30,25,10,0,3,1,0,0,0,0,0,0
310,0,90,87,77,10,0,0,0,0,0,0,1,0,0
311,10,141,140,50,13,2,23,10,0,0,2,1,1,4
312,47,287,280,167,35,0,17,1,1,0,0,0,0,1
313,37,190,180,170,26,1,10,5,0,1,0,1,0,2
314,10,78,67,56,31,1,8,1,0,0,0,0,0,1
315,10,45,39,30,15,0,6,1,0,0,0,0,0,0
316,11,14,7,5,3,0,0,0,0,0,0,0,0,0
317,3,30,30,25,10,0,3,1,0,0,0,0,0,0
318,47,287,280,167,35,0,17,1,1,0,0,0,0,1
319,37,190,180,170,26,1,10,5,0,1,0,1,0,2
320,10,78,67,56,31,1,8,1,0,0,0,0,0,1
321,10,45,39,30,15,0,6,1,0,0,0,0,0,0
322,11,14,7,5,3,0,0,0,0,0,0,0,0,0
323,3,30,30,25,10,0,3,1,0,0,0,0,0,0
324,16,60,51,48,18,2,12,7,1,2,1,3,1,5
325,10,49,45,30,18,0,9,5,0,0,0,0,0,0
326,29,89,67,65,29,0,11,7,0,0,2,0,0,2
327,10,78,67,56,31,1,8,1,0,0,0,0,0,1
328,10,45,39,30,15,0,6,1,0,0,0,0,0,0
329,11,14,7,5,3,0,0,0,0,0,0,0,0,0
330,3,30,30,25,10,0,3,1,0,0,0,0,0,0
331,16,60,51,48,18,2,12,7,1,2,1,3,1,5
332,10,49,45,30,18,0,9,5,0,0,0,0,0,0
333,29,89,67,65,29,0,11,7,0,0,2,0,0,2
334,3,21,21,21,10,0,4,2,0,0,0,1,0,0
335,0,90,87,77,10,0,0,0,0,0,0,1,0,0
336,10,141,140,50,13,2,23,10,0,0,2,1,1,4
337,47,287,280,167,35,0,17,1,1,0,0,0,0,1
338,37,190,180,170,26,1,10,5,0,1,0,1,0,2
339,10,78,67,56,31,1,8,1,0,0,0,0,0,1
340,10,45,39,30,15,0,6,1,0,0,0,0,0,0
341,11,14,7,5,3,0,0,0,0,0,0,0,0,0
342,3,30,30,25,10,0,3,1,0,0,0,0,0,0
343,16,60,51,48,18,2,12,7,1,2,1,3,1,5
344,10,49,45,30,18,0,9,5,0,0,0,0,0,0
345,29,89,67,65,29,0,11,7,0,0,2,0,0,2
346,10,78,67,56,31,1,8,1,0,0,0,0,0,1
347,10,45,39,30,15,0,6,1,0,0,0,0,0,0
348,11,14,7,5,3,0,0,0,0,0,0,0,0,0
349,3,30,30,25,10,0,3,1,0,0,0,0,0,0
350,16,60,51,48,18,2,12,7,1,2,1,3,1,5
351,10,49,45,30,18,0,9,5,0,0,0,0,0,0
352,29,89,67,65,29,0,11,7,0,0,2,0,0,2
353,47,287,280,167,35,0,17,1,1,0,0,0,0,1
354,37,190,180,170,26,1,10,5,0,1,0,1,0,2
355,10,78,67,56,31,1,8,1,0,0,0,0,0,1
356,10,45,39,30,15,0,6,1,0,0,0,0,0,0
357,20,130,110,60,30,1,10,5,0,0,2,0,0,3
358,9,69,60,45,20,0,7,0,0,0,0,0,0,0
359,9,74,67,56,10,0,7,4,1,0,0,0,0,1
360,10,80,59,43,28,1,10,15,0,3,0,2,1,4
361,3,21,21,21,10,0,4,2,0,0,0,1,0,0
362,0,90,87,77,10,0,0,0,0,0,0,1,0,0
363,10,141,140,50,13,2,23,10,0,0,2,1,1,4
364,47,287,280,167,35,0,17,1,1,0,0,0,0,1
365,37,190,180,170,26,1,10,5,0,1,0,1,0,2
366,10,78,67,56,31,1,8,1,0,0,0,0,0,1
367,10,45,39,30,15,0,6,1,0,0,0,0,0,0
368,11,14,7,5,3,0,0,0,0,0,0,0,0,0
369,3,30,30,25,10,0,3,1,0,0,0,0,0,0
370,16,60,51,48,18,2,12,7,1,2,1,3,1,5
371,10,49,45,30,18,0,9,5,0,0,0,0,0,0
372,29,89,67,65,29,0,11,7,0,0,2,0,0,2
373,20,130,110,60,30,1,10,5,0,0,2,0,0,3
374,9,69,60,45,20,0,7,0,0,0,0,0,0,0
375,9,74,67,56,10,0,7,4,1,0,0,0,0,1
376,10,80,59,43,28,1,10,15,0,3,0,2,1,4
377,3,21,21,21,10,0,4,2,0,0,0,1,0,0
378,0,90,87,77,10,0,0,0,0,0,0,1,0,0
379,10,141,140,50,13,2,23,10,0,0,2,1,1,4
380,47,287,280,167,35,0,17,1,1,0,0,0,0,1
381,37,190,180,170,26,1,10,5,0,1,0,1,0,2
382,10,78,67,56,31,1,8,1,0,0,0,0,0,1
383,10,45,39,30,15,0,6,1,0,0,0,0,0,0
384,11,14,7,5,3,0,0,0,0,0,0,0,0,0
385,3,30,30,25,10,0,3,1,0,0,0,0,0,0
386,16,60,51,48,18,2,12,7,1,2,1,3,1,5
387,10,49,45,30,18,0,9,5,0,0,0,0,0,0
388,29,89,67,65,29,0,11,7,0,0,2,0,0,2
389,20,130,110,60,30,1,10,5,0,0,2,0,0,3
390,9,69,60,45,20,0,7,0,0,0,0,0,0,0
391,9,74,67,56,10,0,7,4,1,0,0,0,0,1
392,10,80,59,43,28,1,10,15,0,3,0,2,1,4
393,3,21,21,21,10,0,4,2,0,0,0,1,0,0
394,0,90,87,77,10,0,0,0,0,0,0,1,0,0
395,10,141,140,50,13,2,23,10,0,0,2,1,1,4
396,47,287,280,167,35,0,17,1,1,0,0,0,0,1
397,37,190,180,170,26,1,10,5,0,1,0,1,0,2
398,10,78,67,56,31,1,8,1,0,0,0,0,0,1
399,10,45,39,30,15,0,6,1,0,0,0,0,0,0
400,9,74,67,56,10,0,7,4,1,0,0,0,0,1
401,10,80,59,43,28,1,10,15,0,3,0,2,1,4
402,3,21,21,21,10,0,4,2,0,0,0,1,0,0
403,0,90,87,77,10,0,0,0,0,0,0,1,0,0
404,10,141,140,50,13,2,23,10,0,0,2,1,1,4
405,10,141,140,50,13,2,23,10,0,0,2,1,1,4
406,20,130,110,60,30,1,10,5,0,0,2,0,0,3
407,9,69,60,45,20,0,7,0,0,0,0,0,0,0
408,9,74,67,56,10,0,7,4,1,0,0,0,0,1
409,10,80,59,43,28,1,10,15,0,3,0,2,1,4
410,3,21,21,21,10,0,4,2,0,0,0,1,0,0
411,0,90,87,77,10,0,0,0,0,0,0,1,0,0
412,10,141,140,50,13,2,23,10,0,0,2,1,1,4
413,47,287,280,167,35,0,17,1,1,0,0,0,0,1
414,37,190,180,170,26,1,10,5,0,1,0,1,0,2
415,10,78,67,56,31,1,8,1,0,0,0,0,0,1
416,10,45,39,30,15,0,6,1,0,0,0,0,0,0
417,20,130,110,60,30,1,10,5,0,0,2,0,0,3
418,9,69,60,45,20,0,7,0,0,0,0,0,0,0
419,9,74,67,56,10,0,7,4,1,0,0,0,0,1
420,10,80,59,43,28,1,10,15,0,3,0,2,1,4
421,3,21,21,21,10,0,4,2,0,0,0,1,0,0
422,0,90,87,77,10,0,0,0,0,0,0,1,0,0
423,10,141,140,50,13,2,23,10,0,0,2,1,1,4
424,47,287,280,167,35,0,17,1,1,0,0,0,0,1
425,37,190,180,170,26,1,10,5,0,1,0,1,0,2
426,10,78,67,56,31,1,8,1,0,0,0,0,0,1
427,10,45,39,30,15,0,6,1,0,0,0,0,0,0
428,10,80,59,43,28,1,10,15,0,3,0,2,1,4
429,3,21,21,21,10,0,4,2,0,0,0,1,0,0
430,0,90,87,77,10,0,0,0,0,0,0,1,0,0
431,10,141,140,50,13,2,23,10,0,0,2,1,1,4
432,47,287,280,167,35,0,17,1,1,0,0,0,0,1
433,37,190,180,170,26,1,10,5,0,1,0,1,0,2
434,10,78,67,56,31,1,8,1,0,0,0,0,0,1
435,10,45,39,30,15,0,6,1,0,0,0,0,0,0
436,11,14,7,5,3,0,0,0,0,0,0,0,0,0
437,3,30,30,25,10,0,3,1,0,0,0,0,0,0
438,16,60,51,48,18,2,12,7,1,2,1,3,1,5
439,10,49,45,30,18,0,9,5,0,0,0,0,0,0
440,29,89,67,65,29,0,11,7,0,0,2,0,0,2
441,10,141,140,50,13,2,23,10,0,0,2,1,1,4
442,47,287,280,167,35,0,17,1,1,0,0,0,0,1
443,37,190,180,170,26,1,10,5,0,1,0,1,0,2
444,10,141,140,50,13,2,23,10,0,0,2,1,1,4
445,47,287,280,167,35,0,17,1,1,0,0,0,0,1
446,37,190,180,170,26,1,10,5,0,1,0,1,0,2
447,0,90,87,77,10,0,0,0,0,0,0,1,0,0
448,10,141,140,50,13,2,23,10,0,0,2,1,1,4
449,47,287,280,167,35,0,17,1,1,0,0,0,0,1
450,37,190,180,170,26,1,10,5,0,1,0,1,0,2
451,10,78,67,56,31,1,8,1,0,0,0,0,0,1
452,10,45,39,30,15,0,6,1,0,0,0,0,0,0
453,11,14,7,5,3,0,0,0,0,0,0,0,0,0
454,3,30,30,25,10,0,3,1,0,0,0,0,0,0
455,16,60,51,48,18,2,12,7,1,2,1,3,1,5
456,10,49,45,30,18,0,9,5,0,0,0,0,0,0
457,29,89,67,65,29,0,11,7,0,0,2,0,0,2
458,37,190,180,170,26,1,10,5,0,1,0,1,0,2
459,10,78,67,56,31,1,8,1,0,0,0,0,0,1
460,10,45,39,30,15,0,6,1,0,0,0,0,0,0
461,11,14,7,5,3,0,0,0,0,0,0,0,0,0
462,3,30,30,25,10,0,3,1,0,0,0,0,0,0
463,16,60,51,48,18,2,12,7,1,2,1,3,1,5
464,10,49,45,30,18,0,9,5,0,0,0,0,0,0
465,29,89,67,65,29,0,11,7,0,0,2,0,0,2
466,10,141,140,50,13,2,23,10,0,0,2,1,1,4
467,47,287,280,167,35,0,17,1,1,0,0,0,0,1
468,37,190,180,170,26,1,10,5,0,1,0,1,0,2
469,10,141,140,50,13,2,23,10,0,0,2,1,1,4
470,47,287,280,167,35,0,17,1,1,0,0,0,0,1
471,37,190,180,170,26,1,10,5,0,1,0,1,0,2
472,0,90,87,77,10,0,0,0,0,0,0,1,0,0
473,10,141,140,50,13,2,23,10,0,0,2,1,1,4
474,47,287,280,167,35,0,17,1,1,0,0,0,0,1
475,20,130,110,60,30,1,10,5,0,0,2,0,0,3
476,3,21,21,21,10,0,4,2,0,0,0,1,0,0
477,0,90,87,77,10,0,0,0,0,0,0,1,0,0
478,10,141,140,50,13,2,23,10,0,0,2,1,1,4
479,47,287,280,167,35,0,17,1,1,0,0,0,0,1
480,37,190,180,170,26,1,10,5,0,1,0,1,0,2
481,10,78,67,56,31,1,8,1,0,0,0,0,0,1
482,10,45,39,30,15,0,6,1,0,0,0,0,0,0
483,11,14,7,5,3,0,0,0,0,0,0,0,0,0
484,3,30,30,25,10,0,3,1,0,0,0,0,0,0
485,16,60,51,48,18,2,12,7,1,2,1,3,1,5
486,10,49,45,30,18,0,9,5,0,0,0,0,0,0
487,37,190,180,170,26,1,10,5,0,1,0,1,0,2
488,10,141,140,50,13,2,23,10,0,0,2,1,1,4
489,47,287,280,167,35,0,17,1,1,0,0,0,0,1
490,37,190,180,170,26,1,10,5,0,1,0,1,0,2
491,0,90,87,77,10,0,0,0,0,0,0,1,0,0
492,10,141,140,50,13,2,23,10,0,0,2,1,1,4
493,47,287,280,167,35,0,17,1,1,0,0,0,0,1
494,10,45,39,30,15,0,6,1,0,0,0,0,0,0
495,11,14,7,5,3,0,0,0,0,0,0,0,0,0
496,3,30,30,25,10,0,3,1,0,0,0,0,0,0
497,16,60,51,48,18,2,12,7,1,2,1,3,1,5
498,10,49,45,30,18,0,9,5,0,0,0,0,0,0
499,29,89,67,65,29,0,11,7,0,0,2,0,0,2
500,10,141,140,50,13,2,23,10,0,0,2,1,1,4
501,47,287,280,167,35,0,17,1,1,0,0,0,0,1
502,37,190,180,170,26,1,10,5,0,1,0,1,0,2
503,10,141,140,50,13,2,23,10,0,0,2,1,1,4
504,47,287,280,167,35,0,17,1,1,0,0,0,0,1
505,37,190,180,170,26,1,10,5,0,1,0,1,0,2
506,0,90,87,77,10,0,0,0,0,0,0,1,0,0
507,10,141,140,50,13,2,23,10,0,0,2,1,1,4
508,47,287,280,167,35,0,17,1,1,0,0,0,0,1
509,10,45,39,30,15,0,6,1,0,0,0,0,0,0
510,11,14,7,5,3,0,0,0,0,0,0,0,0,0
511,3,30,30,25,10,0,3,1,0,0,0,0,0,0
512,16,60,51,48,18,2,12,7,1,2,1,3,1,5
513,10,49,45,30,18,0,9,5,0,0,0,0,0,0
514,29,89,67,65,29,0,11,7,0,0,2,0,0,2
515,10,80,59,43,28,1,10,15,0,3,0,2,1,4
516,3,21,21,21,10,0,4,2,0,0,0,1,0,0
517,0,90,87,77,10,0,0,0,0,0,0,1,0,0
518,10,141,140,50,13,2,23,10,0,0,2,1,1,4
519,47,287,280,167,35,0,17,1,1,0,0,0,0,1
520,37,190,180,170,26,1,10,5,0,1,0,1,0,2
521,10,78,67,56,31,1,8,1,0,0,0,0,0,1
522,10,45,39,30,15,0,6,1,0,0,0,0,0,0
523,3,21,21,21,10,0,4,2,0,0,0,1,0,0
524,0,90,87,77,10,0,0,0,0,0,0,1,0,0
525,10,141,140,50,13,2,23,10,0,0,2,1,1,4
526,47,287,280,167,35,0,17,1,1,0,0,0,0,1
527,37,190,180,170,26,1,10,5,0,1,0,1,0,2
528,10,78,67,56,31,1,8,1,0,0,0,0,0,1
529,10,45,39,30,15,0,6,1,0,0,0,0,0,0
530,11,14,7,5,3,0,0,0,0,0,0,0,0,0
531,3,30,30,25,10,0,3,1,0,0,0,0,0,0
532,16,60,51,48,18,2,12,7,1,2,1,3,1,5
533,10,49,45,30,18,0,9,5,0,0,0,0,0,0
534,29,89,67,65,29,0,11,7,0,0,2,0,0,2
535,10,141,140,50,13,2,23,10,0,0,2,1,1,4
536,47,287,280,167,35,0,17,1,1,0,0,0,0,1
537,37,190,180,170,26,1,10,5,0,1,0,1,0,2
538,10,141,140,50,13,2,23,10,0,0,2,1,1,4
539,47,287,280,167,35,0,17,1,1,0,0,0,0,1
540,37,190,180,170,26,1,10,5,0,1,0,1,0,2
541,0,90,87,77,10,0,0,0,0,0,0,1,0,0
542,10,141,140,50,13,2,23,10,0,0,2,1,1,4
543,47,287,280,167,35,0,17,1,1,0,0,0,0,1
544,10,78,67,56,31,1,8,1,0,0,0,0,0,1
545,10,45,39,30,15,0,6,1,0,0,0,0,0,0
546,11,14,7,5,3,0,0,0,0,0,0,0,0,0
547,3,30,30,25,10,0,3,1,0,0,0,0,0,0
548,16,60,51,48,18,2,12,7,1,2,1,3,1,5
549,10,49,45,30,18,0,9,5,0,0,0,0,0,0
550,29,89,67,65,29,0,11,7,0,0,2,0,0,2
551,3,21,21,21,10,0,4,2,0,0,0,1,0,0
552,0,90,87,77,10,0,0,0,0,0,0,1,0,0
553,10,141,140,50,13,2,23,10,0,0,2,1,1,4
554,47,287,280,167,35,0,17,1,1,0,0,0,0,1
555,37,190,180,170,26,1,10,5,0,1,0,1,0,2
556,10,78,67,56,31,1,8,1,0,0,0,0,0,1
557,10,45,39,30,15,0,6,1,0,0,0,0,0,0
558,11,14,7,5,3,0,0,0,0,0,0,0,0,0
559,3,30,30,25,10,0,3,1,0,0,0,0,0,0
560,16,60,51,48,18,2,12,7,1,2,1,3,1,5
561,10,49,45,30,18,0,9,5,0,0,0,0,0,0
562,16,60,51,48,18,2,12,7,1,2,1,3,1,5
563,10,49,45,30,18,0,9,5,0,0,0,0,0,0
564,29,89,67,65,29,0,11,7,0,0,2,0,0,2
565,10,141,140,50,13,2,23,10,0,0,2,1,1,4
566,47,287,280,167,35,0,17,1,1,0,0,0,0,1
567,37,190,180,170,26,1,10,5,0,1,0,1,0,2
568,10,141,140,50,13,2,23,10,0,0,2,1,1,4
569,47,287,280,167,35,0,17,1,1,0,0,0,0,1
570,37,190,180,170,26,1,10,5,0,1,0,1,0,2
571,37,190,180,170,26,1,10,5,0,1,0,1,0,2
572,20,130,110,60,30,1,10,5,0,0,2,0,0,3
573,3,21,21,21,10,0,4,2,0,0,0,1,0,0
574,0,90,87,77,10,0,0,0,0,0,0,1,0,0
575,10,141,140,50,13,2,23,10,0,0,2,1,1,4
576,47,287,280,167,35,0,17,1,1,0,0,0,0,1
577,37,190,180,170,26,1,10,5,0,1,0,1,0,2
578,10,78,67,56,31,1,8,1,0,0,0,0,0,1
579,10,45,39,30,15,0,6,1,0,0,0,0,0,0
580,11,14,7,5,3,0,0,0,0,0,0,0,0,0
581,3,30,30,25,10,0,3,1,0,0,0,0,0,0
582,16,60,51,48,18,2,12,7,1,2,1,3,1,5
583,10,49,45,30,18,0,9,5,0,0,0,0,0,0
584,20,130,110,60,30,1,10,5,0,0,2,0,0,3
585,9,69,60,45,20,0,7,0,0,0,0,0,0,0
586,9,74,67,56,10,0,7,4,1,0,0,0,0,1
587,10,80,59,43,28,1,10,15,0,3,0,2,1,4
588,3,21,21,21,10,0,4,2,0,0,0,1,0,0
589,0,90,87,77,10,0,0,0,0,0,0,1,0,0
590,10,141,140,50,13,2,23,10,0,0,2,1,1,4
591,47,287,280,167,35,0,17,1,1,0,0,0,0,1
592,37,190,180,170,26,1,10,5,0,1,0,1,0,2
593,10,78,67,56,31,1,8,1,0,0,0,0,0,1
594,10,45,39,30,15,0,6,1,0,0,0,0,0,0
595,3,21,21,21,10,0,4,2,0,0,0,1,0,0
596,0,90,87,77,10,0,0,0,0,0,0,1,0,0
597,10,141,140,50,13,2,23,10,0,0,2,1,1,4
598,47,287,280,167,35,0,17,1,1,0,0,0,0,1
599,37,190,180,170,26,1,10,5,0,1,0,1,0,2
600,10,78,67,56,31,1,8,1,0,0,0,0,0,1
601,10,45,39,30,15,0,6,1,0,0,0,0,0,0
602,11,14,7,5,3,0,0,0,0,0,0,0,0,0
603,3,30,30,25,10,0,3,1,0,0,0,0,0,0
604,16,60,51,48,18,2,12,7,1,2,1,3,1,5
605,10,49,45,30,18,0,9,5,0,0,0,0,0,0
606,10,141,140,50,13,2,23,10,0,0,2,1,1,4
607,47,287,280,167,35,0,17,1,1,0,0,0,0,1
608,37,190,180,170,26,1,10,5,0,1,0,1,0,2
609,10,78,67,56,31,1,8,1,0,0,0,0,0,1
610,10,45,39,30,15,0,6,1,0,0,0,0,0,0
611,3,21,21,21,10,0,4,2,0,0,0,1,0,0
612,0,90,87,77,10,0,0,0,0,0,0,1,0,0
613,10,141,140,50,13,2,23,10,0,0,2,1,1,4
614,47,287,280,167,35,0,17,1,1,0,0,0,0,1
615,37,190,180,170,26,1,10,5,0,1,0,1,0,2
616,10,78,67,56,31,1,8,1,0,0,0,0,0,1
617,10,45,39,30,15,0,6,1,0,0,0,0,0,0
618,11,14,7,5,3,0,0,0,0,0,0,0,0,0
619,3,30,30,25,10,0,3,1,0,0,0,0,0,0
620,16,60,51,48,18,2,12,7,1,2,1,3,1,5
621,10,49,45,30,18,0,9,5,0,0,0,0,0,0
622,11,14,7,5,3,0,0,0,0,0,0,0,0,0
623,3,30,30,25,10,0,3,1,0,0,0,0,0,0
624,16,60,51,48,18,2,12,7,1,2,1,3,1,5
625,10,49,45,30,18,0,9,5,0,0,0,0,0,0
626,29,89,67,65,29,0,11,7,0,0,2,0,0,2
627,20,130,110,60,30,1,10,5,0,0,2,0,0,3
628,20,130,110,60,30,1,10,5,0,0,2,0,0,3
629,20,130,110,60,30,1,10,5,0,0,2,0,0,3
630,20,130,110,60,30,1,10,5,0,0,2,0,0,3
631,9,69,60,45,20,0,7,0,0,0,0,0,0,0
632,9,74,67,56,10,0,7,4,1,0,0,0,0,1
633,10,80,59,43,28,1,10,15,0,3,0,2,1,4
634,3,21,21,21,10,0,4,2,0,0,0,1,0,0
635,0,90,87,77,10,0,0,0,0,0,0,1,0,0
636,10,141,140,50,13,2,23,10,0,0,2,1,1,4
637,47,287,280,167,35,0,17,1,1,0,0,0,0,1
638,37,190,180,170,26,1,10,5,0,1,0,1,0,2
639,10,78,67,56,31,1,8,1,0,0,0,0,0,1
640,10,45,39,30,15,0,6,1,0,0,0,0,0,0
641,20,130,110,60,30,1,10,5,0,0,2,0,0,3
642,9,69,60,45,20,0,7,0,0,0,0,0,0,0
643,9,74,67,56,10,0,7,4,1,0,0,0,0,1
644,10,80,59,43,28,1,10,15,0,3,0,2,1,4
645,3,21,21,21,10,0,4,2,0,0,0,1,0,0
646,0,90,87,77,10,0,0,0,0,0,0,1,0,0
647,10,141,140,50,13,2,23,10,0,0,2,1,1,4
648,47,287,280,167,35,0,17,1,1,0,0,0,0,1
649,37,190,180,170,26,1,10,5,0,1,0,1,0,2
650,10,78,67,56,31,1,8,1,0,0,0,0,0,1
651,10,45,39,30,15,0,6,1,0,0,0,0,0,0
652,9,74,67,56,10,0,7,4,1,0,0,0,0,1
653,10,80,59,43,28,1,10,15,0,3,0,2,1,4
654,3,21,21,21,10,0,4,2,0,0,0,1,0,0
655,0,90,87,77,10,0,0,0,0,0,0,1,0,0
656,10,141,140,50,13,2,23,10,0,0,2,1,1,4
657,47,287,280,167,35,0,17,1,1,0,0,0,0,1
658,37,190,180,170,26,1,10,5,0,1,0,1,0,2
659,10,78,67,56,31,1,8,1,0,0,0,0,0,1
660,10,45,39,30,15,0,6,1,0,0,0,0,0,0
661,11,14,7,5,3,0,0,0,0,0,0,0,0,0
662,3,30,30,25,10,0,3,1,0,0,0,0,0,0
663,16,60,51,48,18,2,12,7,1,2,1,3,1,5
664,10,49,45,30,18,0,9,5,0,0,0,0,0,0
665,29,89,67,65,29,0,11,7,0,0,2,0,0,2
666,20,130,110,60,30,1,10,5,0,0,2,0,0,3
667,9,69,60,45,20,0,7,0,0,0,0,0,0,0
668,9,74,67,56,10,0,7,4,1,0,0,0,0,1
669,10,80,59,43,28,1,10,15,0,3,0,2,1,4
670,3,21,21,21,10,0,4,2,0,0,0,1,0,0
671,0,90,87,77,10,0,0,0,0,0,0,1,0,0
672,10,141,140,50,13,2,23,10,0,0,2,1,1,4
673,47,287,280,167,35,0,17,1,1,0,0,0,0,1
674,37,190,180,170,26,1,10,5,0,1,0,1,0,2
675,10,78,67,56,31,1,8,1,0,0,0,0,0,1
676,10,45,39,30,15,0,6,1,0,0,0,0,0,0
677,10,141,140,50,13,2,23,10,0,0,2,1,1,4
678,47,287,280,167,35,0,17,1,1,0,0,0,0,1
679,20,130,110,60,30,1,10,5,0,0,2,0,0,3
680,20,130,110,60,30,1,10,5,0,0,2,0,0,3
681,0,90,87,77,10,0,0,0,0,0,0,1,0,0
682,10,141,140,50,13,2,23,10,0,0,2,1,1,4
683,47,287,280,167,35,0,17,1,1,0,0,0,0,1
684,37,190,180,170,26,1,10,5,0,1,0,1,0,2
685,10,78,67,56,31,1,8,1,0,0,0,0,0,1
686,10,45,39,30,15,0,6,1,0,0,0,0,0,0
687,11,14,7,5,3,0,0,0,0,0,0,0,0,0
688,3,30,30,25,10,0,3,1,0,0,0,0,0,0
689,16,60,51,48,18,2,12,7,1,2,1,3,1,5
690,10,49,45,30,18,0,9,5,0,0,0,0,0,0
691,29,89,67,65,29,0,11,7,0,0,2,0,0,2
692,10,78,67,56,31,1,8,1,0,0,0,0,0,1
693,10,45,39,30,15,0,6,1,0,0,0,0,0,0
694,10,141,140,50,13,2,23,10,0,0,2,1,1,4
695,47,287,280,167,35,0,17,1,1,0,0,0,0,1
696,37,190,180,170,26,1,10,5,0,1,0,1,0,2
697,3,21,21,21,10,0,4,2,0,0,0,1,0,0
698,0,90,87,77,10,0,0,0,0,0,0,1,0,0
699,10,141,140,50,13,2,23,10,0,0,2,1,1,4
700,47,287,280,167,35,0,17,1,1,0,0,0,0,1
701,37,190,180,170,26,1,10,5,0,1,0,1,0,2
702,10,78,67,56,31,1,8,1,0,0,0,0,0,1
703,10,45,39,30,15,0,6,1,0,0,0,0,0,0
704,11,14,7,5,3,0,0,0,0,0,0,0,0,0
705,3,30,30,25,10,0,3,1,0,0,0,0,0,0
706,16,60,51,48,18,2,12,7,1,2,1,3,1,5
707,10,49,45,30,18,0,9,5,0,0,0,0,0,0
708,29,89,67,65,29,0,11,7,0,0,2,0,0,2
709,3,21,21,21,10,0,4,2,0,0,0,1,0,0
710,0,90,87,77,10,0,0,0,0,0,0,1,0,0
711,10,141,140,50,13,2,23,10,0,0,2,1,1,4
712,47,287,280,167,35,0,17,1,1,0,0,0,0,1
713,37,190,180,170,26,1,10,5,0,1,0,1,0,2
714,10,78,67,56,31,1,8,1,0,0,0,0,0,1
715,10,45,39,30,15,0,6,1,0,0,0,0,0,0
716,11,14,7,5,3,0,0,0,0,0,0,0,0,0
717,3,30,30,25,10,0,3,1,0,0,0,0,0,0
718,16,60,51,48,18,2,12,7,1,2,1,3,1,5
719,10,49,45,30,18,0,9,5,0,0,0,0,0,0
720,29,89,67,65,29,0,11,7,0,0,2,0,0,2
721,10,141,140,50,13,2,23,10,0,0,2,1,1,4
722,47,287,280,167,35,0,17,1,1,0,0,0,0,1
723,37,190,180,170,26,1,10,5,0,1,0,1,0,2
724,3,21,21,21,10,0,4,2,0,0,0,1,0,0
725,0,90,87,77,10,0,0,0,0,0,0,1,0,0
726,10,141,140,50,13,2,23,10,0,0,2,1,1,4
727,47,287,280,167,35,0,17,1,1,0,0,0,0,1
728,37,190,180,170,26,1,10,5,0,1,0,1,0,2
729,10,78,67,56,31,1,8,1,0,0,0,0,0,1
730,10,45,39,30,15,0,6,1,0,0,0,0,0,0
731,11,14,7,5,3,0,0,0,0,0,0,0,0,0
732,3,30,30,25,10,0,3,1,0,0,0,0,0,0
733,16,60,51,48,18,2,12,7,1,2,1,3,1,5
734,10,49,45,30,18,0,9,5,0,0,0,0,0,0
735,29,89,67,65,29,0,11,7,0,0,2,0,0,2
736,10,78,67,56,31,1,8,1,0,0,0,0,0,1
737,10,45,39,30,15,0,6,1,0,0,0,0,0,0
738,10,80,59,43,28,1,10,15,0,3,0,2,1,4
739,29,89,67,65,29,0,11,7,0,0,2,0,0,2
740,10,78,67,56,31,1,8,1,0,0,0,0,0,1
741,10,80,59,43,28,1,10,15,0,3,0,2,1,4
742,20,130,110,60,30,1,10,5,0,0,2,0,0,3
743,9,69,60,45,20,0,7,0,0,0,0,0,0,0
744,9,74,67,56,10,0,7,4,1,0,0,0,0,1
745,10,80,59,43,28,1,10,15,0,3,0,2,1,4
746,3,21,21,21,10,0,4,2,0,0,0,1,0,0
747,0,90,87,77,10,0,0,0,0,0,0,1,0,0
748,10,141,140,50,13,2,23,10,0,0,2,1,1,4
749,47,287,280,167,35,0,17,1,1,0,0,0,0,1
750,37,190,180,170,26,1,10,5,0,1,0,1,0,2
751,10,78,67,56,31,1,8,1,0,0,0,0,0,1
752,10,45,39,30,15,0,6,1,0,0,0,0,0,0
753,29,89,67,65,29,0,11,7,0,0,2,0,0,2
754,20,130,110,60,30,1,10,5,0,0,2,0,0,3
755,20,130,110,60,30,1,10,5,0,0,2,0,0,3
756,20,130,110,60,30,1,10,5,0,0,2,0,0,3
757,0,90,87,77,10,0,0,0,0,0,0,1,0,0
758,10,141,140,50,13,2,23,10,0,0,2,1,1,4
759,47,287,280,167,35,0,17,1,1,0,0,0,0,1
760,37,190,180,170,26,1,10,5,0,1,0,1,0,2
761,10,78,67,56,31,1,8,1,0,0,0,0,0,1
762,10,45,39,30,15,0,6,1,0,0,0,0,0,0
763,11,14,7,5,3,0,0,0,0,0,0,0,0,0
764,3,30,30,25,10,0,3,1,0,0,0,0,0,0
765,16,60,51,48,18,2,12,7,1,2,1,3,1,5
766,10,49,45,30,18,0,9,5,0,0,0,0,0,0
767,3,21,21,21,10,0,4,2,0,0,0,1,0,0
768,0,90,87,77,10,0,0,0,0,0,0,1,0,0
769,10,141,140,50,13,2,23,10,0,0,2,1,1,4
770,47,287,280,167,35,0,17,1,1,0,0,0,0,1
771,37,190,180,170,26,1,10,5,0,1,0,1,0,2
772,10,78,67,56,31,1,8,1,0,0,0,0,0,1
773,10,45,39,30,15,0,6,1,0,0,0,0,0,0
774,9,69,60,45,20,0,7,0,0,0,0,0,0,0
775,9,74,67,56,10,0,7,4,1,0,0,0,0,1
776,10,80,59,43,28,1,10,15,0,3,0,2,1,4
777,3,21,21,21,10,0,4,2,0,0,0,1,0,0
778,0,90,87,77,10,0,0,0,0,0,0,1,0,0
779,10,141,140,50,13,2,23,10,0,0,2,1,1,4
780,47,287,280,167,35,0,17,1,1,0,0,0,0,1
781,37,190,180,170,26,1,10,5,0,1,0,1,0,2
782,10,78,67,56,31,1,8,1,0,0,0,0,0,1
783,10,45,39,30,15,0,6,1,0,0,0,0,0,0
784,11,14,7,5,3,0,0,0,0,0,0,0,0,0
785,3,30,30,25,10,0,3,1,0,0,0,0,0,0
786,16,60,51,48,18,2,12,7,1,2,1,3,1,5
787,10,49,45,30,18,0,9,5,0,0,0,0,0,0
788,29,89,67,65,29,0,11,7,0,0,2,0,0,2
789,37,190,180,170,26,1,10,5,0,1,0,1,0,2
790,10,78,67,56,31,1,8,1,0,0,0,0,0,1
791,10,45,39,30,15,0,6,1,0,0,0,0,0,0
792,9,69,60,45,20,0,7,0,0,0,0,0,0,0
793,9,74,67,56,10,0,7,4,1,0,0,0,0,1
794,10,80,59,43,28,1,10,15,0,3,0,2,1,4
795,9,74,67,56,10,0,7,4,1,0,0,0,0,1
796,10,80,59,43,28,1,10,15,0,3,0,2,1,4
797,3,21,21,21,10,0,4,2,0,0,0,1,0,0
798,0,90,87,77,10,0,0,0,0,0,0,1,0,0
799,10,141,140,50,13,2,23,10,0,0,2,1,1,4
800,47,287,280,167,35,0,17,1,1,0,0,0,0,1
801,37,190,180,170,26,1,10,5,0,1,0,1,0,2
802,10,78,67,56,31,1,8,1,0,0,0,0,0,1
803,10,45,39,30,15,0,6,1,0,0,0,0,0,0
804,11,14,7,5,3,0,0,0,0,0,0,0,0,0
805,3,30,30,25,10,0,3,1,0,0,0,0,0,0
806,16,60,51,48,18,2,12,7,1,2,1,3,1,5
807,10,49,45,30,18,0,9,5,0,0,0,0,0,0
808,29,89,67,65,29,0,11,7,0,0,2,0,0,2
809,3,30,30,25,10,0,3,1,0,0,0,0,0,0
810,16,60,51,48,18,2,12,7,1,2,1,3,1,5
811,10,49,45,30,18,0,9,5,0,0,0,0,0,0
812,29,89,67,65,29,0,11,7,0,0,2,0,0,2
813,20,130,110,60,30,1,10,5,0,0,2,0,0,3
814,9,69,60,45,20,0,7,0,0,0,0,0,0,0
815,9,74,67,56,10,0,7,4,1,0,0,0,0,1
816,10,80,59,43,28,1,10,15,0,3,0,2,1,4
817,3,21,21,21,10,0,4,2,0,0,0,1,0,0
818,0,90,87,77,10,0,0,0,0,0,0,1,0,0
819,10,141,140,50,13,2,23,10,0,0,2,1,1,4
820,10,141,140,50,13,2,23,10,0,0,2,1,1,4
821,47,287,280,167,35,0,17,1,1,0,0,0,0,1
822,37,190,180,170,26,1,10,5,0,1,0,1,0,2
823,10,78,67,56,31,1,8,1,0,0,0,0,0,1
824,3,30,30,25,10,0,3,1,0,0,0,0,0,0
825,16,60,51,48,18,2,12,7,1,2,1,3,1,5
826,10,49,45,30,18,0,9,5,0,0,0,0,0,0
827,29,89,67,65,29,0,11,7,0,0,2,0,0,2
828,20,130,110,60,30,1,10,5,0,0,2,0,0,3
829,9,69,60,45,20,0,7,0,0,0,0,0,0,0
830,9,74,67,56,10,0,7,4,1,0,0,0,0,1
831,10,80,59,43,28,1,10,15,0,3,0,2,1,4
832,3,21,21,21,10,0,4,2,0,0,0,1,0,0
833,0,90,87,77,10,0,0,0,0,0,0,1,0,0
834,10,141,140,50,13,2,23,10,0,0,2,1,1,4
835,10,141,140,50,13,2,23,10,0,0,2,1,1,4
836,47,287,280,167,35,0,17,1,1,0,0,0,0,1
837,37,190,180,170,26,1,10,5,0,1,0,1,0,2
838,10,78,67,56,31,1,8,1,0,0,0,0,0,1
839,10,45,39,30,15,0,6,1,0,0,0,0,0,0
840,3,30,30,25,10,0,3,1,0,0,0,0,0,0
841,16,60,51,48,18,2,12,7,1,2,1,3,1,5
842,10,49,45,30,18,0,9,5,0,0,0,0,0,0
843,29,89,67,65,29,0,11,7,0,0,2,0,0,2
844,20,130,110,60,30,1,10,5,0,0,2,0,0,3
845,9,69,60,45,20,0,7,0,0,0,0,0,0,0
846,9,74,67,56,10,0,7,4,1,0,0,0,0,1
847,10,80,59,43,28,1,10,15,0,3,0,2,1,4
848,3,21,21,21,10,0,4,2,0,0,0,1,0,0
849,0,90,87,77,10,0,0,0,0,0,0,1,0,0
850,10,141,140,50,13,2,23,10,0,0,2,1,1,4
851,10,141,140,50,13,2,23,10,0,0,2,1,1,4
852,47,287,280,167,35,0,17,1,1,0,0,0,0,1
853,37,190,180,170,26,1,10,5,0,1,0,1,0,2
854,10,78,67,56,31,1,8,1,0,0,0,0,0,1
855,10,45,39,30,15,0,6,1,0,0,0,0,0,0
856,29,89,67,65,29,0,11,7,0,0,2,0,0,2
857,47,287,280,167,35,0,17,1,1,0,0,0,0,1
858,37,190,180,170,26,1,10,5,0,1,0,1,0,2
859,10,78,67,56,31,1,8,1,0,0,0,0,0,1
860,9,74,67,56,10,0,7,4,1,0,0,0,0,1
861,10,80,59,43,28,1,10,15,0,3,0,2,1,4
862,3,21,21,21,10,0,4,2,0,0,0,1,0,0
863,0,90,87,77,10,0,0,0,0,0,0,1,0,0
864,10,141,140,50,13,2,23,10,0,0,2,1,1,4
865,47,287,280,167,35,0,17,1,1,0,0,0,0,1
866,37,190,180,170,26,1,10,5,0,1,0,1,0,2
867,10,78,67,56,31,1,8,1,0,0,0,0,0,1
868,10,45,39,30,15,0,6,1,0,0,0,0,0,0
869,11,14,7,5,3,0,0,0,0,0,0,0,0,0
870,3,30,30,25,10,0,3,1,0,0,0,0,0,0
871,16,60,51,48,18,2,12,7,1,2,1,3,1,5
872,10,49,45,30,18,0,9,5,0,0,0,0,0,0
873,29,89,67,65,29,0,11,7,0,0,2,0,0,2
874,20,130,110,60,30,1,10,5,0,0,2,0,0,3
875,9,69,60,45,20,0,7,0,0,0,0,0,0,0
876,9,74,67,56,10,0,7,4,1,0,0,0,0,1
877,10,80,59,43,28,1,10,15,0,3,0,2,1,4
878,3,21,21,21,10,0,4,2,0,0,0,1,0,0
879,0,90,87,77,10,0,0,0,0,0,0,1,0,0
880,10,141,140,50,13,2,23,10,0,0,2,1,1,4
881,47,287,280,167,35,0,17,1,1,0,0,0,0,1
882,37,190,180,170,26,1,10,5,0,1,0,1,0,2
883,10,78,67,56,31,1,8,1,0,0,0,0,0,1
884,10,45,39,30,15,0,6,1,0,0,0,0,0,0
885,11,14,7,5,3,0,0,0,0,0,0,0,0,0
886,3,30,30,25,10,0,3,1,0,0,0,0,0,0
887,16,60,51,48,18,2,12,7,1,2,1,3,1,5
888,10,49,45,30,18,0,9,5,0,0,0,0,0,0
889,29,89,67,65,29,0,11,7,0,0,2,0,0,2
890,20,130,110,60,30,1,10,5,0,0,2,0,0,3
891,9,69,60,45,20,0,7,0,0,0,0,0,0,0
892,9,74,67,56,10,0,7,4,1,0,0,0,0,1
893,10,80,59,43,28,1,10,15,0,3,0,2,1,4
894,3,21,21,21,10,0,4,2,0,0,0,1,0,0
895,0,90,87,77,10,0,0,0,0,0,0,1,0,0
896,10,141,140,50,13,2,23,10,0,0,2,1,1,4
897,47,287,280,167,35,0,17,1,1,0,0,0,0,1
898,37,190,180,170,26,1,10,5,0,1,0,1,0,2
899,10,78,67,56,31,1,8,1,0,0,0,0,0,1
900,10,45,39,30,15,0,6,1,0,0,0,0,0,0
901,11,14,7,5,3,0,0,0,0,0,0,0,0,0
902,3,30,30,25,10,0,3,1,0,0,0,0,0,0
903,16,60,51,48,18,2,12,7,1,2,1,3,1,5
904,10,49,45,30,18,0,9,5,0,0,0,0,0,0
905,29,89,67,65,29,0,11,7,0,0,2,0,0,2
906,47,287,280,167,35,0,17,1,1,0,0,0,0,1
907,37,190,180,170,26,1,10,5,0,1,0,1,0,2
908,10,78,67,56,31,1,8,1,0,0,0,0,0,1
909,10,141,140,50,13,2,23,10,0,0,2,1,1,4
910,47,287,280,167,35,0,17,1,1,0,0,0,0,1
911,37,190,180,170,26,1,10,5,0,1,0,1,0,2
912,10,78,67,56,31,1,8,1,0,0,0,0,0,1
913,10,45,39,30,15,0,6,1,0,0,0,0,0,0
914,11,14,7,5,3,0,0,0,0,0,0,0,0,0
915,3,30,30,25,10,0,3,1,0,0,0,0,0,0
916,16,60,51,48,18,2,12,7,1,2,1,3,1,5
917,10,49,45,30,18,0,9,5,0,0,0,0,0,0
918,10,45,39,30,15,0,6,1,0,0,0,0,0,0
919,11,14,7,5,3,0,0,0,0,0,0,0,0,0
920,3,30,30,25,10,0,3,1,0,0,0,0,0,0
921,16,60,51,48,18,2,12,7,1,2,1,3,1,5
922,10,49,45,30,18,0,9,5,0,0,0,0,0,0
923,29,89,67,65,29,0,11,7,0,0,2,0,0,2
924,47,287,280,167,35,0,17,1,1,0,0,0,0,1
925,47,287,280,167,35,0,17,1,1,0,0,0,0,1
926,37,190,180,170,26,1,10,5,0,1,0,1,0,2
927,10,78,67,56,31,1,8,1,0,0,0,0,0,1
928,0,90,87,77,10,0,0,0,0,0,0,1,0,0
929,10,141,140,50,13,2,23,10,0,0,2,1,1,4
930,47,287,280,167,35,0,17,1,1,0,0,0,0,1
931,37,190,180,170,26,1,10,5,0,1,0,1,0,2
932,10,78,67,56,31,1,8,1,0,0,0,0,0,1
933,10,45,39,30,15,0,6,1,0,0,0,0,0,0
934,11,14,7,5,3,0,0,0,0,0,0,0,0,0
935,3,30,30,25,10,0,3,1,0,0,0,0,0,0
936,16,60,51,48,18,2,12,7,1,2,1,3,1,5
937,10,49,45,30,18,0,9,5,0,0,0,0,0,0
938,29,89,67,65,29,0,11,7,0,0,2,0,0,2
939,0,90,87,77,10,0,0,0,0,0,0,1,0,0
940,10,141,140,50,13,2,23,10,0,0,2,1,1,4
941,47,287,280,167,35,0,17,1,1,0,0,0,0,1
942,37,190,180,170,26,1,10,5,0,1,0,1,0,2
943,10,78,67,56,31,1,8,1,0,0,0,0,0,1
944,10,45,39,30,15,0,6,1,0,0,0,0,0,0
945,11,14,7,5,3,0,0,0,0,0,0,0,0,0
946,3,30,30,25,10,0,3,1,0,0,0,0,0,0
947,16,60,51,48,18,2,12,7,1,2,1,3,1,5
948,10,49,45,30,18,0,9,5,0,0,0,0,0,0
949,29,89,67,65,29,0,11,7,0,0,2,0,0,2
950,29,89,67,65,29,0,11,7,0,0,2,0,0,2
951,10,80,59,43,28,1,10,15,0,3,0,2,1,4
952,10,141,140,50,13,2,23,10,0,0,2,1,1,4
953,47,287,280,167,35,0,17,1,1,0,0,0,0,1
954,9,69,60,45,20,0,7,0,0,0,0,0,0,0
955,9,74,67,56,10,0,7,4,1,0,0,0,0,1
956,10,80,59,43,28,1,10,15,0,3,0,2,1,4
957,3,21,21,21,10,0,4,2,0,0,0,1,0,0
958,0,90,87,77,10,0,0,0,0,0,0,1,0,0
959,10,141,140,50,13,2,23,10,0,0,2,1,1,4
960,47,287,280,167,35,0,17,1,1,0,0,0,0,1
961,37,190,180,170,26,1,10,5,0,1,0,1,0,2
962,10,78,67,56,31,1,8,1,0,0,0,0,0,1
963,10,45,39,30,15,0,6,1,0,0,0,0,0,0
964,11,14,7,5,3,0,0,0,0,0,0,0,0,0
965,3,30,30,25,10,0,3,1,0,0,0,0,0,0
966,16,60,51,48,18,2,12,7,1,2,1,3,1,5
967,3,30,30,25,10,0,3,1,0,0,0,0,0,0
968,16,60,51,48,18,2,12,7,1,2,1,3,1,5
969,10,49,45,30,18,0,9,5,0,0,0,0,0,0
970,29,89,67,65,29,0,11,7,0,0,2,0,0,2
971,20,130,110,60,30,1,10,5,0,0,2,0,0,3
972,9,69,60,45,20,0,7,0,0,0,0,0,0,0
973,9,74,67,56,10,0,7,4,1,0,0,0,0,1
974,10,80,59,43,28,1,10,15,0,3,0,2,1,4
975,3,21,21,21,10,0,4,2,0,0,0,1,0,0
976,0,90,87,77,10,0,0,0,0,0,0,1,0,0
977,10,141,140,50,13,2,23,10,0,0,2,1,1,4
978,10,141,140,50,13,2,23,10,0,0,2,1,1,4
979,47,287,280,167,35,0,17,1,1,0,0,0,0,1
980,37,190,180,170,26,1,10,5,0,1,0,1,0,2
981,10,78,67,56,31,1,8,1,0,0,0,0,0,1
982,10,45,39,30,15,0,6,1,0,0,0,0,0,0
983,3,21,21,21,10,0,4,2,0,0,0,1,0,0
984,0,90,87,77,10,0,0,0,0,0,0,1,0,0
985,10,141,140,50,13,2,23,10,0,0,2,1,1,4
986,10,141,140,50,13,2,23,10,0,0,2,1,1,4
987,47,287,280,167,35,0,17,1,1,0,0,0,0,1
988,37,190,180,170,26,1,10,5,0,1,0,1,0,2
989,10,78,67,56,31,1,8,1,0,0,0,0,0,1
990,10,45,39,30,15,0,6,1,0,0,0,0,0,0
991,10,49,45,30,18,0,9,5,0,0,0,0,0,0
992,29,89,67,65,29,0,11,7,0,0,2,0,0,2
993,20,130,110,60,30,1,10,5,0,0,2,0,0,3
994,9,69,60,45,20,0,7,0,0,0,0,0,0,0
995,9,74,67,56,10,0,7,4,1,0,0,0,0,1
996,10,80,59,43,28,1,10,15,0,3,0,2,1,4
997,3,21,21,21,10,0,4,2,0,0,0,1,0,0
998,0,90,87,77,10,0,0,0,0,0,0,1,0,0
999,10,141,140,50,13,2,23,10,0,0,2,1,1,4
1000,10,141,140,50,13,2,23,10,0,0,2,1,1,4
1001,47,287,280,167,35,0,17,1,1,0,0,0,0,1
1002,37,190,180,170,26,1,10,5,0,1,0,1,0,2
1003,10,78,67,56,31,1,8,1,0,0,0,0,0,1
1004,10,45,39,30,15,0,6,1,0,0,0,0,0,0
1005,3,30,30,25,10,0,3,1,0,0,0,0,0,0
1006,16,60,51,48,18,2,12,7,1,2,1,3,1,5
1007,10,49,45,30,18,0,9,5,0,0,0,0,0,0
1008,29,89,67,65,29,0,11,7,0,0,2,0,0,2
1009,20,130,110,60,30,1,10,5,0,0,2,0,0,3
1010,9,69,60,45,20,0,7,0,0,0,0,0,0,0
1011,9,74,67,56,10,0,7,4,1,0,0,0,0,1
1012,10,80,59,43,28,1,10,15,0,3,0,2,1,4
1013,3,21,21,21,10,0,4,2,0,0,0,1,0,0
1014,0,90,87,77,10,0,0,0,0,0,0,1,0,0
1015,10,141,140,50,13,2,23,10,0,0,2,1,1,4
1016,10,141,140,50,13,2,23,10,0,0,2,1,1,4
1017,47,287,280,167,35,0,17,1,1,0,0,0,0,1
1018,37,190,180,170,26,1,10,5,0,1,0,1,0,2
1019,10,78,67,56,31,1,8,1,0,0,0,0,0,1
1020,10,45,39,30,15,0,6,1,0,0,0,0,0,0
1021,10,78,67,56,31,1,8,1,0,0,0,0,0,1
1022,10,45,39,30,15,0,6,1,0,0,0,0,0,0
1023,11,14,7,5,3,0,0,0,0,0,0,0,0,0
1024,3,30,30,25,10,0,3,1,0,0,0,0,0,0
1025,16,60,51,48,18,2,12,7,1,2,1,3,1,5
1026,10,49,45,30,18,0,9,5,0,0,0,0,0,0
1027,29,89,67,65,29,0,11,7,0,0,2,0,0,2
1028,3,30,30,25,10,0,3,1,0,0,0,0,0,0
1029,16,60,51,48,18,2,12,7,1,2,1,3,1,5
1030,10,49,45,30,18,0,9,5,0,0,0,0,0,0
1031,20,130,110,60,30,1,10,5,0,0,2,0,0,3
1032,9,69,60,45,20,0,7,0,0,0,0,0,0,0
1033,9,74,67,56,10,0,7,4,1,0,0,0,0,1
1034,10,80,59,43,28,1,10,15,0,3,0,2,1,4
1035,3,21,21,21,10,0,4,2,0,0,0,1,0,0
1036,0,90,87,77,10,0,0,0,0,0,0,1,0,0
1037,10,141,140,50,13,2,23,10,0,0,2,1,1,4
1038,47,287,280,167,35,0,17,1,1,0,0,0,0,1
1039,37,190,180,170,26,1,10,5,0,1,0,1,0,2
1040,10,78,67,56,31,1,8,1,0,0,0,0,0,1
1041,10,45,39,30,15,0,6,1,0,0,0,0,0,0
1042,11,14,7,5,3,0,0,0,0,0,0,0,0,0
1043,3,30,30,25,10,0,3,1,0,0,0,0,0,0
1044,16,60,51,48,18,2,12,7,1,2,1,3,1,5
1045,10,49,45,30,18,0,9,5,0,0,0,0,0,0
1046,29,89,67,65,29,0,11,7,0,0,2,0,0,2
1047,3,30,30,25,10,0,3,1,0,0,0,0,0,0
1048,16,60,51,48,18,2,12,7,1,2,1,3,1,5
1049,10,49,45,30,18,0,9,5,0,0,0,0,0,0
1050,3,5,8,1,10,0,7,2,41,0,0,1,1,0
1051,3,30,30,25,10,0,3,1,0,0,0,0,0,0
1052,16,60,51,48,18,2,12,7,1,2,1,3,1,5
1053,10,49,45,30,18,0,9,5,0,0,0,0,0,0
1054,20,130,110,60,30,1,10,5,0,0,2,0,0,3
1055,9,69,60,45,20,0,7,0,0,0,0,0,0,0
1056,9,74,67,56,10,0,7,4,1,0,0,0,0,1
1057,16,60,51,48,18,2,12,7,1,2,1,3,1,5
1058,10,49,45,30,18,0,9,5,0,0,0,0,0,0
1059,20,130,110,60,30,1,10,5,0,0,2,0,0,3
1060,9,69,60,45,20,0,7,0,0,0,0,0,0,0
1061,9,74,67,56,10,0,7,4,1,0,0,0,0,1
1062,3,30,30,25,10,0,3,1,0,0,0,0,0,0
1063,16,60,51,48,18,2,12,7,1,2,1,3,1,5
1064,10,49,45,30,18,0,9,5,0,0,0,0,0,0
1065,3,30,30,25,10,0,3,1,0,0,0,0,0,0
1066,16,60,51,48,18,2,12,7,1,2,1,3,1,5
1067,10,49,45,30,18,0,9,5,0,0,0,0,0,0
1068,20,130,110,60,30,1,10,5,0,0,2,0,0,3
1069,9,69,60,45,20,0,7,0,0,0,0,0,0,0
1070,9,74,67,56,10,0,7,4,1,0,0,0,0,1
1071,10,80,59,43,28,1,10,15,0,3,0,2,1,4
1072,3,21,21,21,10,0,4,2,0,0,0,1,0,0
1073,0,90,87,77,10,0,0,0,0,0,0,1,0,0
1074,10,141,140,50,13,2,23,10,0,0,2,1,1,4
1075,47,287,280,167,35,0,17,1,1,0,0,0,0,1
1076,37,190,180,170,26,1,10,5,0,1,0,1,0,2
1077,10,78,67,56,31,1,8,1,0,0,0,0,0,1
1078,10,45,39,30,15,0,6,1,0,0,0,0,0,0
1079,11,14,7,5,3,0,0,0,0,0,0,0,0,0
1080,3,30,30,25,10,0,3,1,0,0,0,0,0,0
1081,16,60,51,48,18,2,12,7,1,2,1,3,1,5
1082,10,49,45,30,18,0,9,5,0,0,0,0,0,0
1083,29,89,67,65,29,0,11,7,0,0,2,0,0,2
1084,3,30,30,25,10,0,3,1,0,0,0,0,0,0
1085,16,60,51,48,18,2,12,7,1,2,1,3,1,5
1086,10,49,45,30,18,0,9,5,0,0,0,0,0,0
1087,29,89,67,65,29,0,11,7,0,0,2,0,0,2
1088,20,130,110,60,30,1,10,5,0,0,2,0,0,3
1089,9,69,60,45,20,0,7,0,0,0,0,0,0,0
1090,9,74,67,56,10,0,7,4,1,0,0,0,0,1
1091,10,80,59,43,28,1,10,15,0,3,0,2,1,4
1092,3,21,21,21,10,0,4,2,0,0,0,1,0,0
1093,0,90,87,77,10,0,0,0,0,0,0,1,0,0
1094,10,141,140,50,13,2,23,10,0,0,2,1,1,4
1095,10,141,140,50,13,2,23,10,0,0,2,1,1,4
1096,47,287,280,167,35,0,17,1,1,0,0,0,0,1
1097,37,190,180,170,26,1,10,5,0,1,0,1,0,2
1098,10,78,67,56,31,1,8,1,0,0,0,0,0,1
1099,10,45,39,30,15,0,6,1,0,0,0,0,0,0
1100,3,30,30,25,10,0,3,1,0,0,0,0,0,0
1101,16,60,51,48,18,2,12,7,1,2,1,3,1,5
1102,10,49,45,30,18,0,9,5,0,0,0,0,0,0
1103,29,89,67,65,29,0,11,7,0,0,2,0,0,2
1104,108,20,46,3,73,0,16,1,0,0,0,0,0,0
1105,10,80,59,43,28,1,10,15,0,3,0,2,1,4
1106,3,21,21,21,10,0,4,2,0,0,0,1,0,0
1107,0,90,87,77,10,0,0,0,0,0,0,1,0,0
1108,10,141,140,50,13,2,23,10,0,0,2,1,1,4
1109,47,287,280,167,35,0,17,1,1,0,0,0,0,1
1110,37,190,180,170,26,1,10,5,0,1,0,1,0,2
1111,10,78,67,56,31,1,8,1,0,0,0,0,0,1
1112,10,45,39,30,15,0,6,1,0,0,0,0,0,0
1113,11,14,7,5,3,0,0,0,0,0,0,0,0,0
1114,3,30,30,25,10,0,3,1,0,0,0,0,0,0
1115,16,60,51,48,18,2,12,7,1,2,1,3,1,5
1116,10,49,45,30,18,0,9,5,0,0,0,0,0,0
1117,29,89,67,65,29,0,11,7,0,0,2,0,0,2
1118,20,130,110,60,30,1,10,5,0,0,2,0,0,3
1119,20,130,110,60,30,1,10,5,0,0,2,0,0,3
1120,20,130,110,60,30,1,10,5,0,0,2,0,0,3
1121,10,80,59,43,28,1,10,15,0,3,0,2,1,4
1122,29,89,67,65,29,0,11,7,0,0,2,0,0,2
1123,10,80,59,43,28,1,10,15,0,3,0,2,1,4
1124,10,78,67,56,31,1,8,1,0,0,0,0,0,1
1125,10,80,59,43,28,1,10,15,0,3,0,2,1,4
1126,3,21,21,21,10,0,4,2,0,0,0,1,0,0
1127,0,90,87,77,10,0,0,0,0,0,0,1,0,0
1128,10,141,140,50,13,2,23,10,0,0,2,1,1,4
1129,47,287,280,167,35,0,17,1,1,0,0,0,0,1
1130,37,190,180,170,26,1,10,5,0,1,0,1,0,2
1131,10,78,67,56,31,1,8,1,0,0,0,0,0,1
1132,10,45,39,30,15,0,6,1,0,0,0,0,0,0
1133,11,14,7,5,3,0,0,0,0,0,0,0,0,0
1134,3,30,30,25,10,0,3,1,0,0,0,0,0,0
1135,16,60,51,48,18,2,12,7,1,2,1,3,1,5
1136,10,49,45,30,18,0,9,5,0,0,0,0,0,0
1137,29,89,67,65,29,0,11,7,0,0,2,0,0,2
1138,3,30,30,25,10,0,3,1,0,0,0,0,0,0
1139,16,60,51,48,18,2,12,7,1,2,1,3,1,5
1140,10,49,45,30,18,0,9,5,0,0,0,0,0,0
1141,29,89,67,65,29,0,11,7,0,0,2,0,0,2
1143,10,80,59,43,28,1,10,15,0,3,0,2,1,4
1144,3,21,21,21,10,0,4,2,0,0,0,1,0,0
1145,0,90,87,77,10,0,0,0,0,0,0,1,0,0
1146,10,141,140,50,13,2,23,10,0,0,2,1,1,4
1147,47,287,280,167,35,0,17,1,1,0,0,0,0,1
1148,37,190,180,170,26,1,10,5,0,1,0,1,0,2
1149,10,78,67,56,31,1,8,1,0,0,0,0,0,1
1150,10,45,39,30,15,0,6,1,0,0,0,0,0,0
1151,11,14,7,5,3,0,0,0,0,0,0,0,0,0
1152,3,30,30,25,10,0,3,1,0,0,0,0,0,0
1153,16,60,51,48,18,2,12,7,1,2,1,3,1,5
1154,10,49,45,30,18,0,9,5,0,0,0,0,0,0
1155,29,89,67,65,29,0,11,7,0,0,2,0,0,2
1156,9,69,60,45,20,0,7,0,0,0,0,0,0,0
1157,9,74,67,56,10,0,7,4,1,0,0,0,0,1
1158,10,80,59,43,28,1,10,15,0,3,0,2,1,4
1159,3,21,21,21,10,0,4,2,0,0,0,1,0,0
1160,20,130,110,60,30,1,10,5,0,0,2,0,0,3
1161,9,69,60,45,20,0,7,0,0,0,0,0,0,0
1162,9,74,67,56,10,0,7,4,1,0,0,0,0,1
1163,10,80,59,43,28,1,10,15,0,3,0,2,1,4
1164,3,21,21,21,10,0,4,2,0,0,0,1,0,0
1165,0,90,87,77,10,0,0,0,0,0,0,1,0,0
1166,10,141,140,50,13,2,23,10,0,0,2,1,1,4
1167,47,287,280,167,35,0,17,1,1,0,0,0,0,1
1168,37,190,180,170,26,1,10,5,0,1,0,1,0,2
1169,10,78,67,56,31,1,8,1,0,0,0,0,0,1
1170,10,45,39,30,15,0,6,1,0,0,0,0,0,0
1171,11,14,7,5,3,0,0,0,0,0,0,0,0,0
1172,3,30,30,25,10,0,3,1,0,0,0,0,0,0
1173,16,60,51,48,18,2,12,7,1,2,1,3,1,5
1174,10,49,45,30,18,0,9,5,0,0,0,0,0,0
1175,29,89,67,65,29,0,11,7,0,0,2,0,0,2
1176,20,130,110,60,30,1,10,5,0,0,2,0,0,3
1177,9,69,60,45,20,0,7,0,0,0,0,0,0,0
1178,9,74,67,56,10,0,7,4,1,0,0,0,0,1
1179,10,80,59,43,28,1,10,15,0,3,0,2,1,4
1180,3,21,21,21,10,0,4,2,0,0,0,1,0,0
1181,47,287,280,167,35,0,17,1,1,0,0,0,0,1
1182,37,190,180,170,26,1,10,5,0,1,0,1,0,2
1183,10,78,67,56,31,1,8,1,0,0,0,0,0,1
1184,10,45,39,30,15,0,6,1,0,0,0,0,0,0
1185,47,287,280,167,35,0,17,1,1,0,0,0,0,1
1186,37,190,180,170,26,1,10,5,0,1,0,1,0,2
1187,10,78,67,56,31,1,8,1,0,0,0,0,0,1
1188,20,130,110,60,30,1,10,5,0,0,2,0,0,3
1189,9,69,60,45,20,0,7,0,0,0,0,0,0,0
1190,9,74,67,56,10,0,7,4,1,0,0,0,0,1
1191,10,80,59,43,28,1,10,15,0,3,0,2,1,4
1192,3,21,21,21,10,0,4,2,0,0,0,1,0,0
1193,10,78,67,56,31,1,8,1,0,0,0,0,0,1
1194,10,45,39,30,15,0,6,1,0,0,0,0,0,0
1195,47,287,280,167,35,0,17,1,1,0,0,0,0,1
1196,37,190,180,170,26,1,10,5,0,1,0,1,0,2
1197,10,78,67,56,31,1,8,1,0,0,0,0,0,1
1198,10,45,39,30,15,0,6,1,0,0,0,0,0,0
1199,10,78,67,56,31,1,8,1,0,0,0,0,0,1
1200,10,45,39,30,15,0,6,1,0,0,0,0,0,0
1201,47,287,280,167,35,0,17,1,1,0,0,0,0,1
1202,37,190,180,170,26,1,10,5,0,1,0,1,0,2
1203,10,78,67,56,31,1,8,1,0,0,0,0,0,1
1204,10,45,39,30,15,0,6,1,0,0,0,0,0,0
1205,9,74,67,56,10,0,7,4,1,0,0,0,0,1
1206,10,80,59,43,28,1,10,15,0,3,0,2,1,4
1207,3,21,21,21,10,0,4,2,0,0,0,1,0,0
1208,20,130,110,60,30,1,10,5,0,0,2,0,0,3
1209,9,69,60,45,20,0,7,0,0,0,0,0,0,0
1210,9,74,67,56,10,0,7,4,1,0,0,0,0,1
1211,10,80,59,43,28,1,10,15,0,3,0,2,1,4
1212,3,21,21,21,10,0,4,2,0,0,0,1,0,0
1213,20,130,110,60,30,1,10,5,0,0,2,0,0,3
1214,9,69,60,45,20,0,7,0,0,0,0,0,0,0
1215,9,74,67,56,10,0,7,4,1,0,0,0,0,1
1216,10,80,59,43,28,1,10,15,0,3,0,2,1,4
1217,3,21,21,21,10,0,4,2,0,0,0,1,0,0
1218,9,74,67,56,10,0,7,4,1,0,0,0,0,1
1219,10,80,59,43,28,1,10,15,0,3,0,2,1,4
1220,3,21,21,21,10,0,4,2,0,0,0,1,0,0
1221,0,90,87,77,10,0,0,0,0,0,0,1,0,0
1222,10,141,140,50,13,2,23,10,0,0,2,1,1,4
1223,47,287,280,167,35,0,17,1,1,0,0,0,0,1
1224,37,190,180,170,26,1,10,5,0,1,0,1,0,2
1225,10,78,67,56,31,1,8,1,0,0,0,0,0,1
1226,10,45,39,30,15,0,6,1,0,0,0,0,0,0
1227,11,14,7,5,3,0,0,0,0,0,0,0,0,0
1228,3,30,30,25,10,0,3,1,0,0,0,0,0,0
1229,16,60,51,48,18,2,12,7,1,2,1,3,1,5
1230,10,49,45,30,18,0,9,5,0,0,0,0,0,0
1231,29,89,67,65,29,0,11,7,0,0,2,0,0,2
1232,3,30,30,25,10,0,3,1,0,0,0,0,0,0
1233,16,60,51,48,18,2,12,7,1,2,1,3,1,5
1234,10,49,45,30,18,0,9,5,0,0,0,0,0,0
1235,29,89,67,65,29,0,11,7,0,0,2,0,0,2
1236,9,69,60,45,20,0,7,0,0,0,0,0,0,0
1237,9,74,67,56,10,0,7,4,1,0,0,0,0,1
1238,10,80,59,43,28,1,10,15,0,3,0,2,1,4
1239,3,21,21,21,10,0,4,2,0,0,0,1,0,0
1240,0,90,87,77,10,0,0,0,0,0,0,1,0,0
1241,10,141,140,50,13,2,23,10,0,0,2,1,1,4
1242,47,287,280,167,35,0,17,1,1,0,0,0,0,1
1243,37,190,180,170,26,1,10,5,0,1,0,1,0,2
1244,10,78,67,56,31,1,8,1,0,0,0,0,0,1
1245,10,45,39,30,15,0,6,1,0,0,0,0,0,0
1246,11,14,7,5,3,0,0,0,0,0,0,0,0,0
1247,3,30,30,25,10,0,3,1,0,0,0,0,0,0
1248,16,60,51,48,18,2,12,7,1,2,1,3,1,5
1249,10,49,45,30,18,0,9,5,2,3,1,0,1,2
